ISO_Code,Country,Year,Hydro,Solar,Wind
ARG,Argentina,2018,41.39,0.09,1.42
ARG,Argentina,2019,36.82,0.8,4.99
ARG,Argentina,2020,30.349999999999998,1.35,9.4
ARG,Argentina,2021,25.28,2.2,12.950000000000001
ARG,Argentina,2022,31.24,2.94,14.16
ARG,Argentina,2023,40.519999999999996,3.25,14.49
ARG,Argentina,2024,34.94,3.93,16.18
ARG,Argentina,2025,31.52,5.1,18.63
ARG,Argentina,2026,4.16,1.2,3.05
ARM,Armenia,2019,2.39,0.0,0.0
ARM,Armenia,2020,1.78,0.0,0.0
ARM,Armenia,2021,2.18,0.09,0.0
ARM,Armenia,2022,1.9300000000000002,0.24,0.0
ARM,Armenia,2023,1.6400000000000001,0.38,0.0
ARM,Armenia,2024,1.81,0.48,0.0
ARM,Armenia,2025,2.5300000000000002,0.67,0.0
AUS,Australia,1998,0.0,0.0,0.0
AUS,Australia,1999,6.45,0.0,0.0
AUS,Australia,2000,6.93,0.0,0.0
AUS,Australia,2001,5.95,0.0,0.0
AUS,Australia,2002,5.18,0.0,0.0
AUS,Australia,2003,7.0600000000000005,0.0,0.0
AUS,Australia,2004,4.7700000000000005,0.0,0.0
AUS,Australia,2005,12.35,0.0,0.0
AUS,Australia,2006,14.43,0.0,0.0
AUS,Australia,2007,12.69,0.0,0.0
AUS,Australia,2008,11.27,0.0,0.0
AUS,Australia,2009,12.1,0.04,2.4299999999999997
AUS,Australia,2010,15.76,0.28,4.47
AUS,Australia,2011,13.379999999999999,1.1,5.65
AUS,Australia,2012,15.969999999999999,2.09,6.33
AUS,Australia,2013,18.55,3.18,8.07
AUS,Australia,2014,13.89,4.04,10.08
AUS,Australia,2015,13.38,5.24,11.59
AUS,Australia,2016,17.07,6.79,12.7
AUS,Australia,2017,12.91,7.82,12.86
AUS,Australia,2018,16.69,11.93,15.9
AUS,Australia,2019,13.73,17.75,19.05
AUS,Australia,2020,14.31,22.21,22.2
AUS,Australia,2021,15.8,28.259999999999998,26.36
AUS,Australia,2022,16.65,33.86,29.45
AUS,Australia,2023,15.28,41.92,30.939999999999998
AUS,Australia,2024,13.540000000000001,46.769999999999996,31.9
AUS,Australia,2025,12.91,52.65,38.39
AUS,Australia,2026,3.08,16.240000000000002,9.42
AUT,Austria,2015,33.14,0.95,4.92
AUT,Austria,2016,43.51,1.09,5.33
AUT,Austria,2017,38.7,1.3,6.7299999999999995
AUT,Austria,2018,37.9,1.44,6.41
AUT,Austria,2019,40.95,1.56,7.98
AUT,Austria,2020,41.45,1.86,7.24
AUT,Austria,2021,39.16,2.42,6.96
AUT,Austria,2022,35.95,3.34,7.18
AUT,Austria,2023,41.05,5.21,8.27
AUT,Austria,2024,45.14,7.64,9.37
AUT,Austria,2025,37.36,9.81,8.540000000000001
AUT,Austria,2026,7.8100000000000005,1.78,2.39
AZE,Azerbaijan,2019,1.52,0.0,0.0
AZE,Azerbaijan,2020,1.03,0.0,0.0
AZE,Azerbaijan,2021,1.27,0.04,0.0
AZE,Azerbaijan,2022,1.58,0.06,0.0
AZE,Azerbaijan,2023,1.75,0.06,0.0
AZE,Azerbaijan,2024,2.97,0.29,0.0
AZE,Azerbaijan,2025,3.19,0.15,0.0
BEL,Belgium,2015,0.16999999999999998,3.0300000000000002,5.1
BEL,Belgium,2016,0.21,2.92,4.75
BEL,Belgium,2017,0.14,2.88,5.56
BEL,Belgium,2018,0.14,3.54,6.52
BEL,Belgium,2019,0.14,3.52,8.309999999999999
BEL,Belgium,2020,0.15,4.28,11.29
BEL,Belgium,2021,0.23,4.68,11.120000000000001
BEL,Belgium,2022,0.08,6.42,11.28
BEL,Belgium,2023,0.19,7.2,14.39
BEL,Belgium,2024,0.22999999999999998,8.31,13.01
BEL,Belgium,2025,0.12,10.2,12.67
BEL,Belgium,2026,0.01,1.7400000000000002,4.48
BGD,Bangladesh,2019,0.81,0.02,0.0
BGD,Bangladesh,2020,0.7,0.060000000000000005,0.0
BGD,Bangladesh,2021,0.68,0.24,0.0
BGD,Bangladesh,2022,0.77,0.42,0.0
BGD,Bangladesh,2023,0.6900000000000001,0.71,0.01
BGD,Bangladesh,2024,0.93,1.06,0.11
BGD,Bangladesh,2025,0.88,1.4,0.04
BGD,Bangladesh,2026,0.08,0.22,0.02
BGR,Bulgaria,2015,5.01,1.36,1.4
BGR,Bulgaria,2016,3.53,1.33,1.35
BGR,Bulgaria,2017,2.8000000000000003,1.31,1.44
BGR,Bulgaria,2018,5.05,1.23,1.27
BGR,Bulgaria,2019,2.88,1.32,1.25
BGR,Bulgaria,2020,2.94,1.43,1.4100000000000001
BGR,Bulgaria,2021,4.88,1.43,1.38
BGR,Bulgaria,2022,3.76,1.6600000000000001,1.3900000000000001
BGR,Bulgaria,2023,3.0700000000000003,3.09,1.5
BGR,Bulgaria,2024,2.89,4.91,1.3800000000000001
BGR,Bulgaria,2025,2.63,6.31,1.24
BGR,Bulgaria,2026,1.4,1.12,0.42000000000000004
BIH,Bosnia Herzegovina,2019,5.85,0.0,0.17
BIH,Bosnia Herzegovina,2020,4.18,0.0,0.15
BIH,Bosnia Herzegovina,2021,5.63,0.02,0.28
BIH,Bosnia Herzegovina,2022,3.91,0.08,0.29
BIH,Bosnia Herzegovina,2023,5.31,0.17,0.16
BIH,Bosnia Herzegovina,2024,4.01,0.31,0.17
BIH,Bosnia Herzegovina,2025,3.85,0.51,0.17
BIH,Bosnia Herzegovina,2026,1.77,0.07,0.05
BLR,Belarus,2019,0.36,0.19,0.18
BLR,Belarus,2020,0.39,0.15,0.21000000000000002
BLR,Belarus,2021,0.39,0.18,0.16
BLR,Belarus,2022,0.37,0.21,0.17
BLR,Belarus,2023,0.37,0.15,0.18
BLR,Belarus,2024,0.47,0.24,0.18
BLR,Belarus,2025,1.0,0.35,0.46
BOL,Bolivia,2019,3.24,0.16,0.07
BOL,Bolivia,2020,2.95,0.24,0.06
BOL,Bolivia,2021,3.23,0.33999999999999997,0.11
BOL,Bolivia,2022,2.87,0.36,0.46
BOL,Bolivia,2023,2.33,0.36,0.49
BOL,Bolivia,2024,2.86,0.35,0.49
BOL,Bolivia,2025,3.36,0.35,0.29
BOL,Bolivia,2026,0.61,0.06,0.02
BRA,Brazil,2018,408.41,3.47,45.82
BRA,Brazil,2019,409.75,6.64,53.4
BRA,Brazil,2020,404.67,10.75,53.91
BRA,Brazil,2021,372.8,16.76,71.07
BRA,Brazil,2022,437.96,30.14,79.57
BRA,Brazil,2023,442.13,51.730000000000004,93.67999999999999
BRA,Brazil,2024,428.32,74.93,105.98
BRA,Brazil,2025,403.74,92.25,115.07
BRA,Brazil,2026,116.6,25.810000000000002,20.25
CAN,Canada,2010,347.41,0.0,3.67
CAN,Canada,2011,372.77,0.07,7.56
CAN,Canada,2012,376.37,0.26,8.76
CAN,Canada,2013,387.28,0.25,9.02
CAN,Canada,2014,375.12,0.25,8.98
CAN,Canada,2015,375.63,0.26,8.86
CAN,Canada,2016,381.4,1.79,30.49
CAN,Canada,2017,390.74,2.0300000000000002,30.91
CAN,Canada,2018,381.62,2.2,31.85
CAN,Canada,2019,377.65999999999997,2.45,32.81
CAN,Canada,2020,382.61,2.56,36.26
CAN,Canada,2021,377.0,2.74,36.17
CAN,Canada,2022,392.35,3.19,39.09
CAN,Canada,2023,359.3,4.66,39.660000000000004
CAN,Canada,2024,341.83,5.2299999999999995,45.84
CAN,Canada,2025,343.37,5.9799999999999995,50.49
CAN,Canada,2026,36.81,0.19,5.67
CHE,Switzerland,2017,36.65,1.6800000000000002,0.13
CHE,Switzerland,2018,37.42,1.95,0.13
CHE,Switzerland,2019,40.56,2.17,0.14
CHE,Switzerland,2020,40.62,2.7,0.18
CHE,Switzerland,2021,39.5,2.97,0.16
CHE,Switzerland,2022,33.5,4.07,0.16
CHE,Switzerland,2023,40.78,4.92,0.18
CHE,Switzerland,2024,48.33,5.96,0.19
CHE,Switzerland,2025,37.1,8.19,0.15
CHE,Switzerland,2026,5.1899999999999995,0.59,0.03
CHL,Chile,2016,19.44,2.56,2.29
CHL,Chile,2017,21.78,3.93,3.59
CHL,Chile,2018,23.27,5.48,4.0600000000000005
CHL,Chile,2019,20.82,6.38,4.8
CHL,Chile,2020,20.64,7.64,5.55
CHL,Chile,2021,16.5,10.790000000000001,7.25
CHL,Chile,2022,20.3,14.52,8.84
CHL,Chile,2023,23.96,16.73,9.89
CHL,Chile,2024,27.1,18.86,11.05
CHL,Chile,2025,20.78,20.85,12.2
CHL,Chile,2026,4.52,6.55,2.9
CHN,China,2015,991.98,0.0,185.58
CHN,China,2016,1048.91,66.52,240.86
CHN,China,2017,1062.06,117.78,304.6
CHN,China,2018,1104.46,176.89,365.99
CHN,China,2019,1157.44,224.3,405.7
CHN,China,2020,1213.85,260.48,466.5
CHN,China,2021,1191.3799999999999,325.9,652.61
CHN,China,2022,1210.84,427.31,762.7
CHN,China,2023,1154.24,584.15,885.87
CHN,China,2024,1279.62,834.11,991.61
CHN,China,2025,1323.89,1169.99,1130.0
CHN,China,2026,156.86,190.54,211.81
COL,Colombia,2016,46.8,0.0,0.05
COL,Colombia,2017,57.34,0.0,0.0
COL,Colombia,2018,56.65,0.0,0.03
COL,Colombia,2019,54.44,0.11,0.08
COL,Colombia,2020,49.839999999999996,0.2,0.0
COL,Colombia,2021,60.5,0.33,0.06
COL,Colombia,2022,64.34,0.5,0.07
COL,Colombia,2023,59.83,1.21,0.22
COL,Colombia,2024,54.49,3.3,0.15
COL,Colombia,2025,68.11,4.47,0.15
CRI,Costa Rica,2019,7.84,0.0,1.79
CRI,Costa Rica,2020,8.28,0.0,1.46
CRI,Costa Rica,2021,9.16,0.0,1.57
CRI,Costa Rica,2022,9.17,0.0,1.36
CRI,Costa Rica,2023,8.26,0.0,1.46
CRI,Costa Rica,2024,8.4,0.0,1.23
CRI,Costa Rica,2025,9.98,0.0,1.54
CRI,Costa Rica,2026,2.1,0.0,0.5900000000000001
CYP,Cyprus,2017,0.0,0.2,0.28
CYP,Cyprus,2018,0.0,0.23,0.28
CYP,Cyprus,2019,0.0,0.28,0.3
CYP,Cyprus,2020,0.0,0.41000000000000003,0.31
CYP,Cyprus,2021,0.0,0.6,0.3
CYP,Cyprus,2022,0.0,0.76,0.27999999999999997
CYP,Cyprus,2023,0.0,1.05,0.25
CYP,Cyprus,2024,0.0,1.33,0.26
CYP,Cyprus,2025,0.0,1.59,0.25
CYP,Cyprus,2026,0.0,0.08,0.03
CZE,Czechia,2015,1.8900000000000001,2.23,0.6
CZE,Czechia,2016,2.06,2.12,0.49
CZE,Czechia,2017,1.72,2.15,0.55
CZE,Czechia,2018,1.75,2.31,0.63
CZE,Czechia,2019,1.9200000000000002,2.25,0.7
CZE,Czechia,2020,2.07,2.15,0.71
CZE,Czechia,2021,2.45,2.18,0.61
CZE,Czechia,2022,2.06,2.37,0.66
CZE,Czechia,2023,2.31,2.79,0.73
CZE,Czechia,2024,2.56,3.9,0.7
CZE,Czechia,2025,1.61,4.7,0.6000000000000001
CZE,Czechia,2026,0.38,0.73,0.19
DEU,Germany,2015,18.62,37.34,79.22
DEU,Germany,2016,20.09,36.82,80.09
DEU,Germany,2017,19.78,37.99,106.57
DEU,Germany,2018,16.31,43.46,111.58
DEU,Germany,2019,19.939999999999998,44.32,123.53
DEU,Germany,2020,18.56,48.54,129.62
DEU,Germany,2021,19.46,49.47,112.47
DEU,Germany,2022,17.48,59.81,122.47999999999999
DEU,Germany,2023,19.3,62.089999999999996,135.18
DEU,Germany,2024,22.3,71.98,136.24
DEU,Germany,2025,18.03,87.47,130.67
DEU,Germany,2026,3.34,15.55,42.05
DNK,Denmark,2015,0.0,0.62,13.64
DNK,Denmark,2016,0.0,0.75,11.9
DNK,Denmark,2017,0.0,0.76,14.38
DNK,Denmark,2018,0.0,0.9600000000000001,13.93
DNK,Denmark,2019,0.0,0.9700000000000001,15.93
DNK,Denmark,2020,0.0,1.25,16.4
DNK,Denmark,2021,0.0,1.41,16.09
DNK,Denmark,2022,0.0,2.1,18.97
DNK,Denmark,2023,0.0,3.02,19.45
DNK,Denmark,2024,0.0,3.65,20.47
DNK,Denmark,2025,0.0,4.32,19.27
DNK,Denmark,2026,0.0,0.92,5.67
DOM,Dominican Republic (the),2022,0.38,0.2,0.22
DOM,Dominican Republic (the),2023,1.15,1.1300000000000001,1.14
DOM,Dominican Republic (the),2024,1.48,1.46,1.04
DOM,Dominican Republic (the),2025,1.55,2.16,1.16
DOM,Dominican Republic (the),2026,0.12,0.16,0.1
ECU,Ecuador,2019,24.64,0.0,0.09
ECU,Ecuador,2020,24.32,0.0,0.09
ECU,Ecuador,2021,25.57,0.0,0.06
ECU,Ecuador,2022,24.63,0.0,0.06
ECU,Ecuador,2023,25.34,0.0,0.2
ECU,Ecuador,2024,22.62,0.0,0.22
ECU,Ecuador,2025,28.13,0.0,0.18
ECU,Ecuador,2026,1.98,0.0,0.01
EGY,Egypt,2016,13.09,0.22,2.16
EGY,Egypt,2017,12.82,0.54,1.8800000000000001
EGY,Egypt,2018,12.57,0.53,2.92
EGY,Egypt,2019,13.98,1.15,3.86
EGY,Egypt,2020,15.049999999999999,4.92,4.73
EGY,Egypt,2021,13.83,5.04,5.44
EGY,Egypt,2022,14.97,4.98,6.1
EGY,Egypt,2023,14.97,5.1899999999999995,5.61
EGY,Egypt,2024,15.8,5.79,6.68
EGY,Egypt,2025,16.5,7.33,9.84
ESP,Spain,2015,29.849999999999998,12.780000000000001,47.99
ESP,Spain,2016,38.7,12.34,47.57
ESP,Spain,2017,20.76,13.09,47.14
ESP,Spain,2018,36.15,12.02,48.93
ESP,Spain,2019,26.7,14.42,52.379999999999995
ESP,Spain,2020,33.69,20.04,53.17
ESP,Spain,2021,32.67,25.349999999999998,59.01
ESP,Spain,2022,21.83,32.08,58.85
ESP,Spain,2023,24.25,44.06,61.08
ESP,Spain,2024,31.88,54.07,59.0
ESP,Spain,2025,30.21,58.68,55.56
ESP,Spain,2026,10.86,9.43,18.61
EST,Estonia,2015,0.0,0.0,0.63
EST,Estonia,2016,0.0,0.0,0.53
EST,Estonia,2017,0.0,0.0,0.7000000000000001
EST,Estonia,2018,0.0,0.0,0.62
EST,Estonia,2019,0.0,0.0,0.71
EST,Estonia,2020,0.0,0.12,0.89
EST,Estonia,2021,0.0,0.31,0.78
EST,Estonia,2022,0.0,0.56,0.68
EST,Estonia,2023,0.0,0.73,0.8
EST,Estonia,2024,0.0,0.96,1.17
EST,Estonia,2025,0.0,1.02,1.27
EST,Estonia,2026,0.0,0.14,0.35
FIN,Finland,2017,14.92,0.0,4.12
FIN,Finland,2018,13.379999999999999,0.08,5.39
FIN,Finland,2019,12.51,0.18,5.67
FIN,Finland,2020,15.92,0.32,7.2299999999999995
FIN,Finland,2021,15.7,0.38,7.9
FIN,Finland,2022,13.58,0.39,11.11
FIN,Finland,2023,15.26,0.65,14.02
FIN,Finland,2024,14.36,0.9600000000000001,19.46
FIN,Finland,2025,12.5,1.0,21.56
FIN,Finland,2026,3.7800000000000002,0.1,5.76
FRA,France,2015,54.32,7.04,19.59
FRA,France,2016,57.199999999999996,8.01,19.62
FRA,France,2017,47.61,8.89,22.85
FRA,France,2018,60.519999999999996,9.72,26.810000000000002
FRA,France,2019,54.18,11.41,32.72
FRA,France,2020,58.980000000000004,12.44,38.36
FRA,France,2021,56.34,13.65,35.17
FRA,France,2022,43.01,17.97,36.900000000000006
FRA,France,2023,50.68,21.59,48.4
FRA,France,2024,63.32,23.32,45.87
FRA,France,2025,51.61,30.27,48.62
FRA,France,2026,16.32,5.63,16.84
GBR,United Kingdom,2015,4.11,8.43,38.4
GBR,United Kingdom,2016,3.4,9.57,35.42
GBR,United Kingdom,2017,3.98,10.44,47.12
GBR,United Kingdom,2018,3.2199999999999998,11.56,53.980000000000004
GBR,United Kingdom,2019,3.56,11.66,60.81
GBR,United Kingdom,2020,4.3,12.06,72.31
GBR,United Kingdom,2021,3.22,11.21,61.57
GBR,United Kingdom,2022,3.34,12.64,76.85000000000001
GBR,United Kingdom,2023,3.25,12.23,79.25
GBR,United Kingdom,2024,3.58,13.959999999999999,80.98
GBR,United Kingdom,2025,3.37,18.49,83.54
GBR,United Kingdom,2026,0.99,2.66,28.66
GEO,Georgia,2010,9.35,0.0,0.0
GEO,Georgia,2011,7.87,0.0,0.0
GEO,Georgia,2012,7.23,0.0,0.0
GEO,Georgia,2013,8.27,0.0,0.0
GEO,Georgia,2014,8.33,0.0,0.0
GEO,Georgia,2015,8.46,0.0,0.0
GEO,Georgia,2016,9.32,0.0,0.01
GEO,Georgia,2017,9.19,0.0,0.12
GEO,Georgia,2018,9.94,0.0,0.12
GEO,Georgia,2019,8.93,0.0,0.12
GEO,Georgia,2020,8.24,0.0,0.12
GEO,Georgia,2021,10.18,0.0,0.12
GEO,Georgia,2022,10.77,0.0,0.12
GEO,Georgia,2023,10.85,0.0,0.12
GEO,Georgia,2024,11.33,0.0,0.12
GEO,Georgia,2025,10.97,0.0,0.11
GEO,Georgia,2026,1.2000000000000002,0.0,0.02
GRC,Greece,2015,4.48,3.6,3.55
GRC,Greece,2016,4.22,3.6,3.74
GRC,Greece,2017,3.06,3.65,4.2
GRC,Greece,2018,4.38,3.43,4.86
GRC,Greece,2019,2.92,3.61,5.8
GRC,Greece,2020,2.44,3.9699999999999998,7.4399999999999995
GRC,Greece,2021,4.55,4.4,9.0
GRC,Greece,2022,3.38,5.65,9.39
GRC,Greece,2023,3.39,7.9,9.43
GRC,Greece,2024,2.65,11.280000000000001,10.96
GRC,Greece,2025,2.49,12.94,10.32
GRC,Greece,2026,2.15,2.32,3.7800000000000002
HRV,Croatia,2018,0.19,0.0,0.31
HRV,Croatia,2019,5.29,0.08,1.46
HRV,Croatia,2020,4.8,0.08,1.7
HRV,Croatia,2021,6.25,0.08,2.07
HRV,Croatia,2022,4.47,0.16999999999999998,2.29
HRV,Croatia,2023,6.88,0.4,2.5300000000000002
HRV,Croatia,2024,5.51,0.85,2.62
HRV,Croatia,2025,4.55,1.32,3.09
HRV,Croatia,2026,1.85,0.12,0.77
HUN,Hungary,2015,0.19,0.0,0.68
HUN,Hungary,2016,0.22,0.0,0.67
HUN,Hungary,2017,0.19,0.35,0.73
HUN,Hungary,2018,0.16,0.63,0.6
HUN,Hungary,2019,0.2,1.43,0.7
HUN,Hungary,2020,0.22,2.43,0.63
HUN,Hungary,2021,0.18,3.9,0.64
HUN,Hungary,2022,0.16,4.75,0.59
HUN,Hungary,2023,0.2,6.7,0.61
HUN,Hungary,2024,0.21,9.17,0.65
HUN,Hungary,2025,0.21,10.95,0.56
HUN,Hungary,2026,0.06,1.55,0.15
IND,India,2019,161.75,47.55,63.3
IND,India,2020,163.27,63.01,60.44
IND,India,2021,160.0,75.69,68.09
IND,India,2022,174.57,106.02,70.05
IND,India,2023,148.82999999999998,125.52,82.1
IND,India,2024,155.97,153.17,81.56
IND,India,2025,177.41,206.09,104.0
IND,India,2026,16.66,41.489999999999995,12.600000000000001
IRL,Ireland,2010,0.54,0.0,2.8200000000000003
IRL,Ireland,2011,0.69,0.0,4.3500000000000005
IRL,Ireland,2012,0.75,0.0,3.99
IRL,Ireland,2013,0.5700000000000001,0.0,4.53
IRL,Ireland,2014,0.7,0.0,5.09
IRL,Ireland,2015,0.8,0.0,6.53
IRL,Ireland,2016,0.67,0.0,6.109999999999999
IRL,Ireland,2017,0.67,0.0,7.41
IRL,Ireland,2018,0.6900000000000001,0.0,8.59
IRL,Ireland,2019,0.84,0.0,9.49
IRL,Ireland,2020,0.89,0.0,11.07
IRL,Ireland,2021,0.71,0.0,9.49
IRL,Ireland,2022,0.65,0.0,10.879999999999999
IRL,Ireland,2023,0.91,0.37,11.41
IRL,Ireland,2024,0.71,0.7000000000000001,11.15
IRL,Ireland,2025,0.59,1.08,11.31
IRL,Ireland,2026,0.19,0.07,2.37
IRN,Iran (Islamic Republic of),2019,32.99,0.0,0.0
IRN,Iran (Islamic Republic of),2020,23.25,0.0,0.0
IRN,Iran (Islamic Republic of),2021,14.75,0.0,0.0
IRN,Iran (Islamic Republic of),2022,16.47,0.0,0.0
IRN,Iran (Islamic Republic of),2023,22.970000000000002,0.0,0.0
IRN,Iran (Islamic Republic of),2024,22.12,0.0,0.0
IRN,Iran (Islamic Republic of),2025,3.76,0.0,0.0
ITA,Italy,2016,43.78,21.63,17.509999999999998
ITA,Italy,2017,36.230000000000004,23.86,17.57
ITA,Italy,2018,48.18,22.13,17.56
ITA,Italy,2019,45.769999999999996,23.34,20.02
ITA,Italy,2020,46.63,24.56,18.62
ITA,Italy,2021,44.94,24.62,20.73
ITA,Italy,2022,28.490000000000002,27.68,20.31
ITA,Italy,2023,38.75,30.57,23.39
ITA,Italy,2024,52.71,35.67,22.03
ITA,Italy,2025,41.28,44.31,21.28
ITA,Italy,2026,6.35,8.25,7.64
JPN,Japan,2018,61.94,44.97,4.9
JPN,Japan,2019,71.63,63.16,7.64
JPN,Japan,2020,75.51,69.83,8.53
JPN,Japan,2021,75.73,78.62,8.94
JPN,Japan,2022,70.31,85.08,9.07
JPN,Japan,2023,69.22,91.83,10.05
JPN,Japan,2024,72.87,91.22,11.16
JPN,Japan,2025,67.32,95.58,12.47
JPN,Japan,2026,8.059999999999999,13.24,3.26
KAZ,Kazakhstan,2018,10.370000000000001,0.16,0.41
KAZ,Kazakhstan,2019,9.98,0.4,0.71
KAZ,Kazakhstan,2020,9.55,1.24,1.1
KAZ,Kazakhstan,2021,9.16,1.67,1.76
KAZ,Kazakhstan,2022,9.19,1.75,2.39
KAZ,Kazakhstan,2023,8.75,1.8800000000000001,3.79
KAZ,Kazakhstan,2024,11.24,1.92,4.48
KAZ,Kazakhstan,2025,10.5,2.09,5.4
KEN,Kenya,2019,3.19,0.12,1.55
KEN,Kenya,2020,4.25,0.12,1.34
KEN,Kenya,2021,3.68,0.18,1.98
KEN,Kenya,2022,3.02,0.38,2.15
KEN,Kenya,2023,2.68,0.49,2.0100000000000002
KEN,Kenya,2024,3.62,0.46,1.81
KEN,Kenya,2025,3.46,0.45,1.94
KEN,Kenya,2026,0.27,0.05,0.2
KGZ,Kyrgyzstan,2019,13.65,0.0,0.0
KGZ,Kyrgyzstan,2020,13.79,0.0,0.0
KGZ,Kyrgyzstan,2021,12.51,0.0,0.0
KGZ,Kyrgyzstan,2022,11.6,0.0,0.0
KGZ,Kyrgyzstan,2023,10.79,0.0,0.0
KGZ,Kyrgyzstan,2024,6.19,0.0,0.0
KOR,South Korea,2019,2.75,11.71,2.66
KOR,South Korea,2020,3.99,16.36,3.14
KOR,South Korea,2021,3.05,21.82,3.16
KOR,South Korea,2022,3.55,26.96,3.35
KOR,South Korea,2023,3.71,29.36,3.4
KOR,South Korea,2024,4.3,32.72,3.38
KOR,South Korea,2025,3.8,37.8,3.66
KOR,South Korea,2026,0.22,2.83,0.59
LKA,Sri Lanka,2015,4.9,0.0,1.21
LKA,Sri Lanka,2016,3.49,0.0,0.9800000000000001
LKA,Sri Lanka,2017,3.06,0.0,1.05
LKA,Sri Lanka,2018,5.16,0.25,0.92
LKA,Sri Lanka,2019,3.79,0.84,0.74
LKA,Sri Lanka,2020,3.93,0.88,0.76
LKA,Sri Lanka,2021,5.64,1.15,1.4000000000000001
LKA,Sri Lanka,2022,5.3100000000000005,1.33,1.37
LKA,Sri Lanka,2023,4.6,1.48,1.52
LKA,Sri Lanka,2024,2.51,0.66,0.7000000000000001
LTU,Lithuania,2015,0.31,0.05,0.73
LTU,Lithuania,2016,0.37,0.06,1.0
LTU,Lithuania,2017,0.5,0.06,1.17
LTU,Lithuania,2018,0.44,0.07,1.1300000000000001
LTU,Lithuania,2019,0.36,0.07,1.42
LTU,Lithuania,2020,0.25,0.07,1.5
LTU,Lithuania,2021,0.32,0.11,1.24
LTU,Lithuania,2022,0.39,0.35,1.47
LTU,Lithuania,2023,0.39,0.66,2.41
LTU,Lithuania,2024,0.37,1.3800000000000001,3.2800000000000002
LTU,Lithuania,2025,0.28,1.65,3.8600000000000003
LTU,Lithuania,2026,0.08,0.23,1.37
LUX,Luxembourg,2018,0.07,0.13,0.24
LUX,Luxembourg,2019,0.08,0.13,0.28
LUX,Luxembourg,2020,0.06,0.14,0.35
LUX,Luxembourg,2021,0.09,0.18,0.31
LUX,Luxembourg,2022,0.06,0.25,0.31
LUX,Luxembourg,2023,0.07,0.25,0.49
LUX,Luxembourg,2024,0.12,0.31,0.45
LUX,Luxembourg,2025,0.06,0.42,0.46
LUX,Luxembourg,2026,0.03,0.05,0.15
LVA,Latvia,2015,1.79,0.0,0.12
LVA,Latvia,2016,2.43,0.0,0.13
LVA,Latvia,2017,4.24,0.0,0.13
LVA,Latvia,2018,2.36,0.0,0.12
LVA,Latvia,2019,2.04,0.0,0.14
LVA,Latvia,2020,2.51,0.0,0.13
LVA,Latvia,2021,2.61,0.0,0.12
LVA,Latvia,2022,2.67,0.02,0.17
LVA,Latvia,2023,3.72,0.12000000000000001,0.24
LVA,Latvia,2024,3.18,0.39,0.25
LVA,Latvia,2025,2.9,0.67,0.19
LVA,Latvia,2026,0.77,0.1,0.05
MAR,Morocco,2016,0.81,0.16999999999999998,1.46
MAR,Morocco,2017,1.55,0.41000000000000003,2.89
MAR,Morocco,2018,2.0,0.9400000000000001,3.69
MAR,Morocco,2019,1.6400000000000001,1.58,4.54
MAR,Morocco,2020,1.3,1.51,4.51
MAR,Morocco,2021,1.22,1.83,5.1899999999999995
MAR,Morocco,2022,0.68,1.46,5.23
MAR,Morocco,2023,0.53,2.15,6.45
MAR,Morocco,2024,0.68,1.6300000000000001,9.23
MAR,Morocco,2025,0.65,1.35,7.1
MDA,Moldova,2020,0.27,0.0,0.0
MDA,Moldova,2021,0.3,0.0,0.0
MDA,Moldova,2022,0.27,0.0,0.0
MDA,Moldova,2023,0.32,0.0,0.03
MDA,Moldova,2024,0.16,0.02,0.05
MEX,Mexico,2019,23.61,8.39,16.71
MEX,Mexico,2020,26.83,13.530000000000001,19.71
MEX,Mexico,2021,34.72,17.07,21.07
MEX,Mexico,2022,35.55,16.3,20.330000000000002
MEX,Mexico,2023,20.62,18.22,20.71
MEX,Mexico,2024,23.81,18.63,20.0
MEX,Mexico,2025,29.02,19.25,21.63
MEX,Mexico,2026,1.82,1.19,1.96
MKD,North Macedonia,2017,1.34,0.0,0.13
MKD,North Macedonia,2018,2.21,0.0,0.14
MKD,North Macedonia,2019,1.42,0.0,0.14
MKD,North Macedonia,2020,1.57,0.0,0.13
MKD,North Macedonia,2021,1.78,0.0,0.13
MKD,North Macedonia,2022,1.63,0.01,0.13
MKD,North Macedonia,2023,1.92,0.38,0.2
MKD,North Macedonia,2024,1.6400000000000001,0.34,0.21000000000000002
MKD,North Macedonia,2025,0.26,0.15,0.04
MLT,Malta,2019,0.0,0.0,0.0
MLT,Malta,2020,0.0,0.0,0.0
MLT,Malta,2021,0.0,0.0,0.0
MLT,Malta,2022,0.0,0.12,0.0
MLT,Malta,2023,0.0,0.46,0.0
MLT,Malta,2024,0.0,0.51,0.0
MLT,Malta,2025,0.0,0.52,0.0
MLT,Malta,2026,0.0,0.02,0.0
MNE,Montenegro,2015,0.62,0.0,0.0
MNE,Montenegro,2016,0.79,0.0,0.0
MNE,Montenegro,2017,0.35,0.0,0.0
MNE,Montenegro,2018,1.3,0.0,0.08
MNE,Montenegro,2019,1.5899999999999999,0.0,0.29
MNE,Montenegro,2020,1.3,0.0,0.3
MNE,Montenegro,2021,1.83,0.0,0.32
MNE,Montenegro,2022,1.27,0.0,0.31
MNE,Montenegro,2023,1.96,0.0,0.32999999999999996
MNE,Montenegro,2024,1.59,0.07,0.29
MNE,Montenegro,2025,1.26,0.15,0.3
MNE,Montenegro,2026,0.81,0.0,0.09
MNG,Mongolia,2017,0.0,0.0,0.2
MNG,Mongolia,2018,0.0,0.0,0.41000000000000003
MNG,Mongolia,2019,0.0,0.0,0.64
MNG,Mongolia,2020,0.0,0.0,0.62
MNG,Mongolia,2021,0.0,0.0,0.79
MNG,Mongolia,2022,0.0,0.0,0.73
MNG,Mongolia,2023,0.0,0.0,0.74
MNG,Mongolia,2024,0.0,0.0,0.79
MNG,Mongolia,2025,0.0,0.0,0.8200000000000001
MNG,Mongolia,2026,0.0,0.0,0.16
MYS,Malaysia,2018,25.98,0.03,0.0
MYS,Malaysia,2019,25.79,0.62,0.0
MYS,Malaysia,2020,27.28,0.8500000000000001,0.0
MYS,Malaysia,2021,30.37,1.1,0.0
MYS,Malaysia,2022,30.94,1.6300000000000001,0.0
MYS,Malaysia,2023,29.919999999999998,2.12,0.0
MYS,Malaysia,2024,32.93,3.0,0.0
MYS,Malaysia,2025,33.65,3.39,0.0
MYS,Malaysia,2026,5.08,0.5900000000000001,0.0
NGA,Nigeria,2019,6.16,0.0,0.0
NGA,Nigeria,2020,6.55,0.0,0.0
NGA,Nigeria,2021,7.17,0.0,0.0
NGA,Nigeria,2022,7.93,0.0,0.0
NGA,Nigeria,2023,8.27,0.0,0.0
NGA,Nigeria,2024,7.779999999999999,0.0,0.0
NGA,Nigeria,2025,11.4,0.0,0.0
NGA,Nigeria,2026,2.0300000000000002,0.0,0.0
NLD,Netherlands,2015,0.07,1.12,7.54
NLD,Netherlands,2016,0.07,1.58,8.15
NLD,Netherlands,2017,0.04,2.2,10.56
NLD,Netherlands,2018,0.07,3.71,10.55
NLD,Netherlands,2019,0.08,5.3999999999999995,11.51
NLD,Netherlands,2020,0.04,8.57,15.29
NLD,Netherlands,2021,0.07,12.3,17.95
NLD,Netherlands,2022,0.04,18.39,21.01
NLD,Netherlands,2023,0.05,21.81,29.310000000000002
NLD,Netherlands,2024,0.08,24.74,33.27
NLD,Netherlands,2025,0.04,31.42,33.49
NLD,Netherlands,2026,0.03,4.26,10.25
NOR,Norway,2015,137.63,0.0,2.38
NOR,Norway,2016,143.43,0.0,2.11
NOR,Norway,2017,142.22,0.0,2.66
NOR,Norway,2018,138.14,0.0,3.39
NOR,Norway,2019,125.02,0.0,5.22
NOR,Norway,2020,138.31,0.0,9.3
NOR,Norway,2021,135.93,0.0,10.69
NOR,Norway,2022,126.86,0.0,14.83
NOR,Norway,2023,134.58,0.0,13.89
NOR,Norway,2024,136.37,0.0,14.53
NOR,Norway,2025,141.59,0.0,13.49
NOR,Norway,2026,37.54,0.0,4.3100000000000005
NZL,New Zealand,2010,23.99,0.0,1.6
NZL,New Zealand,2011,24.34,0.0,1.82
NZL,New Zealand,2012,22.12,0.0,1.9
NZL,New Zealand,2013,22.38,0.0,1.8800000000000001
NZL,New Zealand,2014,23.62,0.0,1.95
NZL,New Zealand,2015,23.72,0.0,1.9
NZL,New Zealand,2016,25.0,0.0,1.9100000000000001
NZL,New Zealand,2017,24.23,0.0,1.6600000000000001
NZL,New Zealand,2018,25.29,0.0,1.6600000000000001
NZL,New Zealand,2019,24.68,0.0,1.82
NZL,New Zealand,2020,23.39,0.0,1.87
NZL,New Zealand,2021,23.26,0.0,1.71
NZL,New Zealand,2022,25.2,0.0,2.29
NZL,New Zealand,2023,25.38,0.0,2.87
NZL,New Zealand,2024,22.73,0.0,3.7600000000000002
NZL,New Zealand,2025,23.05,0.0,3.67
NZL,New Zealand,2026,3.66,0.0,0.5900000000000001
PAK,Pakistan,2018,3.89,0.32,0.30000000000000004
PAK,Pakistan,2019,35.83,2.62,3.15
PAK,Pakistan,2020,39.99,4.09,2.73
PAK,Pakistan,2021,37.69,5.8,3.43
PAK,Pakistan,2022,35.1,7.7299999999999995,4.67
PAK,Pakistan,2023,38.42,11.36,4.38
PAK,Pakistan,2024,38.79,19.84,3.5
PAK,Pakistan,2025,39.87,36.62,4.07
PER,Peru,2019,30.18,0.79,1.64
PER,Peru,2020,29.3,0.77,1.79
PER,Peru,2021,30.68,0.79,1.79
PER,Peru,2022,28.490000000000002,0.8200000000000001,1.94
PER,Peru,2023,27.86,0.95,2.36
PER,Peru,2024,30.8,1.27,3.91
PER,Peru,2025,32.68,2.15,3.93
PER,Peru,2026,6.37,0.41000000000000003,0.48
PHL,Philippines (the),2017,9.54,1.25,1.02
PHL,Philippines (the),2018,9.46,1.27,1.12
PHL,Philippines (the),2019,7.89,1.28,1.07
PHL,Philippines (the),2020,7.09,1.37,1.01
PHL,Philippines (the),2021,9.23,1.47,1.23
PHL,Philippines (the),2022,10.03,1.78,1.01
PHL,Philippines (the),2023,10.03,2.43,1.25
PHL,Philippines (the),2024,10.81,3.64,1.21
PHL,Philippines (the),2025,13.43,4.56,1.17
PHL,Philippines (the),2026,0.97,0.39,0.13
POL,Poland,2015,1.47,0.06,10.62
POL,Poland,2016,1.7,0.13,11.6
POL,Poland,2017,2.07,0.14,14.42
POL,Poland,2018,1.58,0.29000000000000004,12.33
POL,Poland,2019,1.52,0.72,14.57
POL,Poland,2020,1.62,2.1,15.2
POL,Poland,2021,1.83,4.63,15.27
POL,Poland,2022,1.55,9.3,18.77
POL,Poland,2023,1.96,13.23,22.1
POL,Poland,2024,1.87,17.349999999999998,23.810000000000002
POL,Poland,2025,1.46,19.240000000000002,22.54
POL,Poland,2026,0.38,3.48,5.5600000000000005
PRI,Puerto Rico,2019,0.0,0.26,0.16
PRI,Puerto Rico,2020,0.0,0.29,0.15
PRI,Puerto Rico,2021,0.0,0.31,0.18
PRI,Puerto Rico,2022,0.0,0.27,0.16
PRI,Puerto Rico,2023,0.0,0.23,0.09
PRI,Puerto Rico,2024,0.0,0.19,0.15
PRI,Puerto Rico,2025,0.0,0.23,0.2
PRI,Puerto Rico,2026,0.0,0.02,0.01
PRT,Portugal,2015,7.81,0.76,11.35
PRT,Portugal,2016,13.26,0.78,12.19
PRT,Portugal,2017,4.82,0.89,11.98
PRT,Portugal,2018,10.3,0.99,12.370000000000001
PRT,Portugal,2019,7.12,1.31,13.44
PRT,Portugal,2020,10.52,1.6800000000000002,12.09
PRT,Portugal,2021,9.77,2.16,12.92
PRT,Portugal,2022,5.45,3.25,12.99
PRT,Portugal,2023,9.89,5.2700000000000005,12.94
PRT,Portugal,2024,12.02,7.21,14.129999999999999
PRT,Portugal,2025,12.31,8.98,13.46
PRT,Portugal,2026,4.32,1.03,4.529999999999999
ROU,Romania,2015,17.13,1.24,6.6899999999999995
ROU,Romania,2016,18.2,1.25,6.42
ROU,Romania,2017,14.56,1.37,7.32
ROU,Romania,2018,17.73,1.34,6.25
ROU,Romania,2019,15.709999999999999,1.36,6.69
ROU,Romania,2020,15.4,1.34,6.88
ROU,Romania,2021,17.44,1.31,6.52
ROU,Romania,2022,14.030000000000001,1.5,6.91
ROU,Romania,2023,18.35,2.11,7.46
ROU,Romania,2024,14.26,4.08,6.34
ROU,Romania,2025,12.16,5.54,5.88
ROU,Romania,2026,3.74,0.59,1.83
RUS,Russian Federation (the),2019,190.29,1.27,0.33
RUS,Russian Federation (the),2020,207.41,1.96,1.35
RUS,Russian Federation (the),2021,209.5,2.24,3.61
RUS,Russian Federation (the),2022,192.41,2.49,5.23
RUS,Russian Federation (the),2023,195.34,2.1,4.38
RUS,Russian Federation (the),2024,204.82,2.31,5.18
RUS,Russian Federation (the),2025,194.01,2.23,4.25
RUS,Russian Federation (the),2026,29.91,0.11,0.83
SGP,Singapore,2009,0.0,0.0,0.0
SGP,Singapore,2010,0.0,0.0,0.0
SGP,Singapore,2011,0.0,0.0,0.0
SGP,Singapore,2012,0.0,0.0,0.0
SGP,Singapore,2013,0.0,0.0,0.0
SGP,Singapore,2014,0.0,0.0,0.0
SGP,Singapore,2015,0.0,0.0,0.0
SGP,Singapore,2016,0.0,0.12,0.0
SGP,Singapore,2017,0.0,0.12,0.0
SGP,Singapore,2018,0.0,0.12,0.0
SGP,Singapore,2019,0.0,0.19,0.0
SGP,Singapore,2020,0.0,0.3,0.0
SGP,Singapore,2021,0.0,0.4,0.0
SGP,Singapore,2022,0.0,0.67,0.0
SGP,Singapore,2023,0.0,0.9400000000000001,0.0
SGP,Singapore,2024,0.0,1.28,0.0
SGP,Singapore,2025,0.0,1.6400000000000001,0.0
SLV,El Salvador,2019,1.45,0.24,0.0
SLV,El Salvador,2020,2.0,0.5,0.01
SLV,El Salvador,2021,1.73,0.5700000000000001,0.13
SLV,El Salvador,2022,2.2,1.1300000000000001,0.14
SLV,El Salvador,2023,1.56,1.21,0.17
SLV,El Salvador,2024,2.2,1.26,0.14
SLV,El Salvador,2025,0.73,0.6799999999999999,0.09
SRB,Serbia,2017,9.02,0.0,0.03
SRB,Serbia,2018,10.46,0.0,0.16
SRB,Serbia,2019,9.5,0.0,0.92
SRB,Serbia,2020,9.05,0.0,0.98
SRB,Serbia,2021,11.17,0.0,1.11
SRB,Serbia,2022,8.55,0.0,0.97
SRB,Serbia,2023,12.09,0.0,0.93
SRB,Serbia,2024,10.01,0.0,1.11
SRB,Serbia,2025,8.05,0.0,1.33
SRB,Serbia,2026,2.99,0.0,0.5800000000000001
SVK,Slovakia,2015,3.73,0.53,0.0
SVK,Slovakia,2016,4.18,0.54,0.0
SVK,Slovakia,2017,3.95,0.53,0.0
SVK,Slovakia,2018,3.3,0.5,0.0
SVK,Slovakia,2019,4.3,0.52,0.0
SVK,Slovakia,2020,4.5,0.52,0.0
SVK,Slovakia,2021,4.2,0.5,0.0
SVK,Slovakia,2022,3.64,0.52,0.0
SVK,Slovakia,2023,4.59,0.48,0.0
SVK,Slovakia,2024,4.71,0.55,0.0
SVK,Slovakia,2025,3.04,0.56,0.0
SVK,Slovakia,2026,0.89,0.08,0.0
SVN,Slovenia,2016,4.37,0.3,0.0
SVN,Slovenia,2017,3.75,0.3,0.0
SVN,Slovenia,2018,4.57,0.29,0.0
SVN,Slovenia,2019,4.34,0.3,0.0
SVN,Slovenia,2020,4.78,0.31,0.0
SVN,Slovenia,2021,4.5600000000000005,0.32,0.0
SVN,Slovenia,2022,3.04,0.4,0.0
SVN,Slovenia,2023,4.85,0.65,0.0
SVN,Slovenia,2024,5.13,1.19,0.0
SVN,Slovenia,2025,3.83,1.46,0.0
SVN,Slovenia,2026,0.7000000000000001,0.24000000000000002,0.0
SWE,Sweden,2015,71.89,0.0,16.53
SWE,Sweden,2016,61.78,0.0,15.59
SWE,Sweden,2017,65.03,0.0,17.31
SWE,Sweden,2018,62.120000000000005,0.0,16.3
SWE,Sweden,2019,65.53999999999999,0.0,19.509999999999998
SWE,Sweden,2020,73.1,0.0,26.869999999999997
SWE,Sweden,2021,74.21,1.1400000000000001,26.68
SWE,Sweden,2022,69.7,1.98,32.76
SWE,Sweden,2023,65.9,3.11,34.15
SWE,Sweden,2024,64.82,4.19,40.35
SWE,Sweden,2025,68.44,4.46,38.8
SWE,Sweden,2026,20.64,0.24,11.18
THA,Thailand,2019,6.3100000000000005,5.21,3.64
THA,Thailand,2020,4.56,4.95,3.29
THA,Thailand,2021,4.55,4.3,4.3
THA,Thailand,2022,6.6,5.03,3.0
THA,Thailand,2023,6.6,5.15,3.74
THA,Thailand,2024,6.42,5.9,3.8
THA,Thailand,2025,7.63,9.99,3.56
TJK,Tajikistan,2019,19.05,0.0,0.0
TJK,Tajikistan,2020,17.88,0.0,0.0
TJK,Tajikistan,2021,18.7,0.0,0.0
TJK,Tajikistan,2022,19.72,0.0,0.0
TJK,Tajikistan,2023,20.43,0.0,0.0
TJK,Tajikistan,2024,19.9,0.0,0.0
TJK,Tajikistan,2025,22.18,0.0,0.0
TUN,Tunisia,2020,0.03,0.0,0.45
TUN,Tunisia,2021,0.0,0.0,0.42
TUN,Tunisia,2022,0.0,0.0,0.31
TUN,Tunisia,2023,0.0,0.0,0.33
TUN,Tunisia,2024,0.0,0.0,0.32
TUN,Tunisia,2025,0.0,0.0,0.22
TUR,Turkey,2018,59.75,7.819999999999999,19.86
TUR,Turkey,2019,88.62,9.56,21.62
TUR,Turkey,2020,77.85,11.22,24.61
TUR,Turkey,2021,55.5,13.27,31.0
TUR,Turkey,2022,66.66,15.17,34.7
TUR,Turkey,2023,63.74,18.41,33.91
TUR,Turkey,2024,74.58,25.669999999999998,36.51
TUR,Turkey,2025,57.269999999999996,37.26,39.42
TUR,Turkey,2026,12.440000000000001,3.51,9.27
TWN,Taiwan,2000,4.56,0.0,0.0
TWN,Taiwan,2001,5.08,0.0,0.0
TWN,Taiwan,2002,2.77,0.0,0.0
TWN,Taiwan,2003,3.03,0.0,0.0
TWN,Taiwan,2004,3.2199999999999998,0.0,0.0
TWN,Taiwan,2005,4.08,0.0,0.08
TWN,Taiwan,2006,4.08,0.0,0.27
TWN,Taiwan,2007,4.41,0.0,0.43000000000000005
TWN,Taiwan,2008,4.31,0.0,0.5800000000000001
TWN,Taiwan,2009,3.75,0.0,0.78
TWN,Taiwan,2010,4.19,0.0,1.03
TWN,Taiwan,2011,4.01,0.06,1.5
TWN,Taiwan,2012,5.67,0.15,1.4100000000000001
TWN,Taiwan,2013,5.430000000000001,0.32,1.62
TWN,Taiwan,2014,4.31,0.52,1.51
TWN,Taiwan,2015,4.48,0.86,1.53
TWN,Taiwan,2016,6.55,1.12,1.46
TWN,Taiwan,2017,5.45,1.6800000000000002,1.73
TWN,Taiwan,2018,4.48,2.66,1.71
TWN,Taiwan,2019,5.55,3.98,1.9100000000000001
TWN,Taiwan,2020,3.01,6.2299999999999995,2.32
TWN,Taiwan,2021,3.48,8.36,2.2600000000000002
TWN,Taiwan,2022,5.84,10.89,3.57
TWN,Taiwan,2023,3.96,13.31,6.24
TWN,Taiwan,2024,4.2,15.21,10.53
TWN,Taiwan,2025,5.5,15.99,12.21
TWN,Taiwan,2026,0.45,2.25,3.05
UKR,Ukraine,2014,7.7,0.0,1.6400000000000001
UKR,Ukraine,2015,4.39,0.0,1.26
UKR,Ukraine,2016,6.56,0.0,1.08
UKR,Ukraine,2017,7.95,0.0,1.16
UKR,Ukraine,2018,9.48,0.0,1.85
UKR,Ukraine,2019,5.92,0.0,4.45
UKR,Ukraine,2020,5.42,0.0,8.11
UKR,Ukraine,2021,8.530000000000001,0.0,9.3
UKR,Ukraine,2022,6.7,0.0,4.8
URY,Uruguay,2019,7.83,0.39,4.75
URY,Uruguay,2020,3.96,0.41000000000000003,5.46
URY,Uruguay,2021,5.17,0.43,4.96
URY,Uruguay,2022,5.51,0.43,4.77
URY,Uruguay,2023,3.44,0.39,4.7299999999999995
URY,Uruguay,2024,7.2,0.43,4.72
URY,Uruguay,2025,5.95,0.48,4.41
URY,Uruguay,2026,1.16,0.15,1.08
USA,United States of America,2001,208.13,0.0,6.74
USA,United States of America,2002,255.57,0.0,10.36
USA,United States of America,2003,267.26,0.53,11.2
USA,United States of America,2004,259.92,0.5700000000000001,14.129999999999999
USA,United States of America,2005,263.76,0.55,17.83
USA,United States of America,2006,282.68,0.49,26.59
USA,United States of America,2007,240.62,0.61,34.46
USA,United States of America,2008,248.54,0.87,55.36
USA,United States of America,2009,268.83,0.89,73.88
USA,United States of America,2010,254.7,1.22,94.65
USA,United States of America,2011,312.93,1.82,120.17999999999999
USA,United States of America,2012,271.28000000000003,4.34,140.82
USA,United States of America,2013,263.88,9.03,167.85
USA,United States of America,2014,253.18,28.93,181.67
USA,United States of America,2015,244.0,39.04,190.72
USA,United States of America,2016,261.13,54.86,227.01
USA,United States of America,2017,293.84,77.28,254.3
USA,United States of America,2018,286.63,93.36,272.67
USA,United States of America,2019,282.59,106.89,295.87
USA,United States of America,2020,279.95,130.71,337.94
USA,United States of America,2021,246.48000000000002,164.4,378.21999999999997
USA,United States of America,2022,248.75,205.07999999999998,434.3
USA,United States of America,2023,233.97,238.13,425.23
USA,United States of America,2024,233.92,301.88,454.05
USA,United States of America,2025,240.0,387.69,464.51
USA,United States of America,2026,74.68,89.28,137.98
VNM,Viet Nam,2019,72.01,3.6,1.4500000000000002
VNM,Viet Nam,2020,76.11,9.58,1.24
VNM,Viet Nam,2021,78.75,27.33,2.3000000000000003
VNM,Viet Nam,2022,102.36,27.849999999999998,8.54
VNM,Viet Nam,2023,83.19,26.94,10.52
VNM,Viet Nam,2024,98.13,27.26,11.68
VNM,Viet Nam,2025,87.58,20.59,10.99
XKX,Kosovo,2022,0.26,0.0,0.39
XKX,Kosovo,2023,0.4,0.0,0.4
XKX,Kosovo,2024,0.22,0.0,0.36
XKX,Kosovo,2025,0.16,0.0,0.19
ZAF,South Africa,2018,1.08,4.3,6.47
ZAF,South Africa,2019,0.68,4.88,6.63
ZAF,South Africa,2020,0.75,5.77,6.61
ZAF,South Africa,2021,1.58,6.92,8.36
ZAF,South Africa,2022,3.13,9.54,9.69
ZAF,South Africa,2023,1.99,13.89,11.61
ZAF,South Africa,2024,1.07,17.38,11.13
ZAF,South Africa,2025,1.8,18.56,11.35
ZAF,South Africa,2026,0.15,2.3,1.05
